baryon_density,pressurec2,energy_densityc2
4.4322e11,8.779932658463436e8,4.4605721088e11
5.18916e11,9.293502773029473e8,5.2274539948e11
6.55866e11,1.0123655202423141e9,6.6099503237e11
7.89994e11,1.0939739366604643e9,7.9643031677e11
9.64792e11,1.204778459889426e9,9.7267231725e11
1.185738e12,1.3549800082866006e9,1.1960526494e12
1.458476e12,1.556538568140379e9,1.47114483007e12
1.78782e12,1.8224696021497095e9,1.80498375e12
2.18124e12,2.1696555633486586e9,2.2021443522e12
2.90168e12,2.8837287613579164e9,2.9299779774e12
3.32e12,3.5652499331330957e9,3.3529859469e12
6.64e12,8.039641005722739e9,6.7111755951e12
9.96e12,1.3369689923146452e10,1.00719073735e13
1.328e13,1.9359319793360126e10,1.3434551989e13
1.66e13,2.5990674329917965e10,1.67987832075e13
1.992e13,3.328160803666754e10,2.0164404932e13
2.324e13,4.13212508249885e10,2.3531319114e13
2.656e13,5.016308064170866e10,2.6899427705e13
2.9879999999999996e13,5.991403555450131e10,3.0268712878e13
3.32e13,7.068108928300432e10,3.3639121152e13
3.652e13,8.242858986266583e10,3.7010652527e13
3.984e13,9.533479711624515e10,4.038332483e13
4.316e13,1.0932840711463857e11,4.3757102407e13
4.648e13,1.2456985369832945e11,4.7132003085e13
4.98e13,1.409343549913863e11,5.0508044691e13
5.312e13,1.585645188520165e11,5.3885209398e13
5.644000000000001e13,1.7733556340428864e11,5.726351503299999e13
5.975999999999999e13,1.9737230617609872e11,6.0642961596e13
6.308e13,2.1853210365727475e11,6.4023549087e13
6.64e13,2.4090406793321405e11,6.7405277506e13
6.972000000000001e13,2.64434721057089e11,7.078816468e13
7.304e13,2.8898145517069196e11,7.4172192782e13
7.636e13,3.146690521499545e11,7.7557361812e13
7.968e13,3.413727301189452e11,8.094367177e13
8.3e13,3.691103150599399e11,8.4331122656e13
8.632e13,3.976858994277261e11,8.7719678816e13
8.964e13,4.2727738652541766e11,9.1109375904e13
9.296e13,4.578138289435563e11,9.4500178266e13
9.628e13,4.890989626172841e11,9.7892103729e13
9.96e13,5.212039132158819e11,1.01285098812e14
1.0292e14,5.528277405528524e11,1.04679181342e14
1.0624e14,5.865372078161069e11,1.08074297838e14
1.0956e14,6.209418883881227e11,1.11470519608e14
1.1288000000000002e14,6.5595265235752e11,1.14867793171e14
1.1620000000000002e14,6.883073449678037e11,1.1826601156500002e14
1.1951999999999998e14,7.251007071647943e11,1.2166533523299998e14
1.2284e14,7.563680148562461e11,1.25065461116e14
1.2616e14,7.975109167285638e11,1.2846658531099998e14
1.2948e14,8.40080075442779e11,1.3186883260700002e14
1.328e14,8.838790486742106e11,1.35272185177e14
1.3612e14,9.290329748184358e11,1.3867664302099998e14
1.3944000000000002e14,9.756308055270112e11,1.42082223966e14
1.4276e14,1.0237438447290411e12,1.45488928012e14
1.4608e14,1.0733544447020718e12,1.48896772986e14
1.494e14,1.124711812678321e12,1.52305758888e14
1.5272e14,1.1777626489707837e12,1.55715903545e14
1.5604e14,1.2326675656797659e12,1.59127224784e14
1.5936e14,1.2894085585631692e12,1.62539740432e14
1.6268e14,1.348377799231064e12,1.65953450489e14
1.66e14,1.409361375896139e12,1.69368390609e14
1.66830498e14,1.436452590719808e12,1.70122864903e14
1.68148372e14,1.4616893686073125e12,1.71478126924e14
1.69466246e14,1.4873012051619023e12,1.72833585042e14
1.70783954e14,1.5132959438157793e12,1.74189257084e14
1.72101828e14,1.5396819627806128e12,1.75545125223e14
1.73419536e14,1.5664678185278955e12,1.76901189459e14
1.7473741e14,1.5936620675291199e12,1.78257467619e14
1.76055284e14,1.6212732662557783e12,1.7961397753e14
1.77372992e14,1.6493101494391855e12,1.8097061223e14
1.78690866e14,1.677781986590126e12,1.8232760347e14
1.8000874e14,1.706697690699737e12,1.8368459471e14
1.81326448e14,1.736066531278802e12,1.8504194249e14
1.82644322e14,1.765897777838105e12,1.8639946854e14
1.8396203e14,1.7962012346678972e12,1.8775735113e14
1.85279904e14,1.826984923460203e12,1.8911523372e14
1.86597778e14,1.8582623919615522e12,1.9047347285e14
1.87915486e14,1.8900389879666277e12,1.9183189025e14
1.8923336e14,1.9222594509303733e12,1.9319048592e14
1.90551234e14,1.9546635215115613e12,1.9454943813e14
1.91868942e14,1.987409850952447e12,1.9590839034e14
1.93186816e14,2.0205661779856792e12,1.9726787736e14
1.94504524e14,2.0541663719775825e12,1.9862736438e14
1.95822398e14,2.0882353893033425e12,1.9998720794e14
1.97140272e14,2.1227964037399182e12,2.013470515e14
1.9845798e14,2.1578690238678127e12,2.0270742987e14
1.99775854e14,2.193467510472848e12,2.0406780824e14
2.01093728e14,2.229611472135526e12,2.0542854315e14
2.02411436e14,2.266315169641669e12,2.0678945633e14
2.0372931e14,2.3035928637770967e12,2.0815072605e14
2.05047018e14,2.3414605979258574e12,2.0951217404e14
2.06364892e14,2.3799290676773174e12,2.108738003e14
2.07682766e14,2.419016099013752e12,2.122357831e14
2.0900047400000003e14,2.458732387524527e12,2.1359794417e14
2.10318348e14,2.499093976593691e12,2.1496028351e14
2.1163622200000003e14,2.5401133444088364e12,2.1632297939e14
2.1295393e14,2.5818011865593296e12,2.1768603181e14
2.1427180400000003e14,2.624175329027446e12,2.190492625e14
2.15589512e14,2.6672464674025513e12,2.2041267146e14
2.16907386e14,2.7110270798722383e12,2.2177643696e14
2.1822526e14,2.7555314272223286e12,2.2314038073e14
2.19542968e14,2.8007737702386426e12,2.2450468104e14
2.20860842e14,2.8467648045105454e12,2.2586915962e14
2.22178716e14,2.893518790823858e12,2.2723399474e14
2.2349642399999997e14,2.9410499899644014e12,2.285991864e14
2.24814298e14,2.989370880119768e12,2.2996455632999997e14
2.2613200599999997e14,3.0384939394775522e12,2.3133010453e14
2.2744988e14,3.0884334288235737e12,2.3269618754e14
2.2876775399999997e14,3.1392000437471987e12,2.3406244882000003e14
2.30085462e14,3.190809827632475e12,2.3542888837e14
2.3140333600000003e14,3.2432752586669966e12,2.3679568446e14
2.3272121e14,3.296610597636583e12,2.3816283709e14
2.3403891800000003e14,3.3508265401306006e12,2.3953034626e14
2.35356792e14,3.40593734693487e12,2.408980337e14
2.3667466600000003e14,3.461957278835212e12,2.4226625595000003e14
2.37992374e14,3.518900596617447e12,2.436344782e14
2.39310248e14,3.5767779958709404e12,2.4500323525999997e14
2.40627956e14,3.6356037373815137e12,2.4637234886e14
2.4194583e14,3.6953938645332153e12,2.4774164073e14
2.43263704e14,3.7561572903171826e12,2.4911128914e14
2.44581412e14,3.8179118407156914e12,2.5048129409e14
2.4589928599999997e14,3.8806682113181074e12,2.5185165557999997e14
2.4721716e14,3.944440662910252e12,2.5322237361e14
2.4853486799999997e14,4.0092434562779453e12,2.5459326991e14
2.49852742e14,4.075089069608781e12,2.5596470102000003e14
2.5117045000000003e14,4.1419935462868057e12,2.5733648867e14
2.52488324e14,4.20996579930316e12,2.5870845459e14
2.5380619800000003e14,4.2790236546401177e12,2.6008095532000003e14
2.55123906e14,4.3491795904852734e12,2.6145381259e14
2.5644178e14,4.420446085026219e12,2.6282684813000003e14
2.57759654e14,4.492837399048776e12,2.6420041848000003e14
2.59077362e14,4.566367793338766e12,2.6557434536999997e14
2.60395236e14,4.641051528682008e12,2.669486288e14
2.61712944e14,4.716899300667868e12,2.6832326876999997e14
2.6303081799999997e14,4.793928935278622e12,2.6969826527999997e14
2.64348692e14,4.872151128103637e12,2.710737966e14
2.6566639999999997e14,4.951580139928731e12,2.7244950619e14
2.66984274e14,5.032230231539728e12,2.7382575059e14
2.6830214799999997e14,5.114115663722446e12,2.7520235153e14
2.69619856e14,5.1972489146644795e12,2.7657948728e14
2.7093773000000003e14,5.281644245151648e12,2.7795680130000003e14
2.72255438e14,5.367315915969774e12,2.7933465013e14
2.7357331200000003e14,5.45427640530645e12,2.8071303377e14
2.74891186e14,5.542541756545725e12,2.8209159568e14
2.76208894e14,5.632122665276962e12,2.834706924e14
2.77526768e14,5.723035174884212e12,2.8485032393e14
2.78844642e14,5.81528998095684e12,2.86230312e14
2.8016235e14,5.90890490947712e12,2.8761065661e14
2.81480224e14,6.003890656034421e12,2.8899153603e14
2.82797932e14,6.100263264012788e12,2.9037295026e14
2.84115806e14,6.198033429001589e12,2.9175472103e14
2.8543368e14,6.297217194384871e12,2.9313684834e14
2.86751388e14,6.397827038350228e12,2.9451951046e14
2.88069262e14,6.4998772216834795e12,2.9590270739e14
2.89387136e14,6.603382005170447e12,2.9728626086e14
2.90704844e14,6.708352084400496e12,2.9867052741e14
2.92022718e14,6.814803502757675e12,3.0005497223e14
2.93340426e14,6.922750521027805e12,3.0144013013e14
2.946583e14,7.032203834800251e12,3.0282564457e14
2.95976174e14,7.143179487459062e12,3.0421169382e14
2.97293882e14,7.25568995719183e12,3.0559827788e14
2.98611756e14,7.369749504784376e12,3.0698521848e14
2.9992963e14,7.485370608424295e12,3.0837269389e14
3.01247338e14,7.602565746299177e12,3.0976088238e14
3.02565212e14,7.721349179194847e12,3.1114942741e14
3.0388292e14,7.84173516789712e12,3.1253850725e14
3.05200794e14,7.963737973191822e12,3.139281219e14
3.06518668e14,8.08736650807009e12,3.1531827136e14
3.07836376e14,8.212638598514196e12,3.1670895563e14
3.0915425e14,8.339564940113512e12,3.1810017471e14
3.10472124e14,8.468159793653853e12,3.194919286e14
3.11789832e14,8.5984356373228125e12,3.208842173e14
3.13107706e14,8.730404949307989e12,3.2227721908e14
3.14425414e14,8.864081990395197e12,3.236705774e14
3.15743288e14,8.999479238772033e12,3.250646488e14
3.17061162e14,9.136610955224318e12,3.2645907674e14
3.1837887e14,9.275487835341416e12,3.2785421776e14
3.19696744e14,9.416124139909148e12,3.2924989359e14
3.21014618e14,9.55853234711511e12,3.306462825e14
3.22332326e14,9.70272493514689e12,3.3204320622e14
3.236502e14,9.848716164790312e12,3.3344066475e14
3.24967908e14,9.996516731634742e12,3.3483865809e14
3.26285782e14,1.0146139113867773e13,3.3623736451e14
3.27603656e14,1.0297597572275225e13,3.3763678401e14
3.28921364e14,1.0450904585044688e13,3.3903656005e14
3.30239238e14,1.0606070847765531e13,3.4043704917e14
3.31557112e14,1.0763110621223576e13,3.4183825137e14
3.3287482e14,1.0922036383606414e13,3.4323998838e14
3.34192694e14,1.1082858830503412e13,3.4464243847e14
3.35510402e14,1.1245590440102162e13,3.4604542337e14
3.36828276e14,1.1410245473188484e13,3.4744912135e14
3.3814615e14,1.157683284275352e13,3.4885353241e14
3.39463858e14,1.1745366809583084e13,3.5025847828e14
3.40781732e14,1.1915859851864773e13,3.5166413723e14
3.42099606e14,1.2088322665187955e13,3.5307050926e14
3.43417314e14,1.2262767727740219e13,3.544774161e14
3.44735188e14,1.2439205735110932e13,3.5588503602e14
3.46052896e14,1.2617649165487688e13,3.5729336902e14
3.4737077e14,1.2798110497058078e13,3.587024151e14
3.48688644e14,1.29806022080097e13,3.6011217426e14
3.50006352e14,1.3165133211333684e13,3.6152246823e14
3.51324226e14,1.3351715985217629e13,3.6293365355e14
3.526421e14,1.35403612252509e13,3.6434537368e14
3.53959808e14,1.3731083192219318e13,3.6575798516e14
3.55277682e14,1.392389079911402e13,3.6717113145e14
3.5659539e14,1.411879474152437e13,3.6858499082e14
3.57913264e14,1.431580749763796e13,3.6999974154e14
3.59231138e14,1.451494154564239e13,3.7141520534e14
3.60548846e14,1.4716204015930566e13,3.7283120395e14
3.6186672e14,1.4919609169288309e13,3.7424809391e14
3.63184594e14,1.5125165918706756e13,3.7566569695e14
3.64502302e14,1.53328867423735e13,3.7708401307e14
3.65820176e14,1.5542780553279682e13,3.7850322054e14
3.67137884e14,1.5754858047014666e13,3.7992314109e14
3.68455758e14,1.5969131701766043e13,3.8134377472e14
3.69773632e14,1.6185610430524953e13,3.8276512143e14
3.7109134e14,1.6404304928880762e13,3.8418735949e14
3.72409214e14,1.6625225892422834e13,3.8561031063e14
3.73727088e14,1.6848384016740533e13,3.8703397485e14
3.75044796e14,1.7073788214825004e13,3.8845853042e14
3.7636267e14,1.7301449182265605e13,3.8988397734e14
3.77680378e14,1.753137583205348e13,3.9131013734e14
3.78998252e14,1.7763580642376215e13,3.9273701042e14
3.80316126e14,1.799807430882318e13,3.9416477485e14
3.81633834e14,1.8234856831394375e13,3.9559325236e14
3.82951708e14,1.8473956731661445e13,3.9702279949e14
3.84269582e14,1.8715356183642105e13,3.9845288143e14
3.8558729e14,1.8959090839300918e13,3.9988403299e14
3.86905164e14,1.920516069863787e13,4.0131589763e14
3.88222872e14,1.9453565761652977e13,4.0274865362e14
3.89540746e14,1.9704341680310777e13,4.0418230096e14
3.9085862e14,1.9957470628629004e13,4.0561666138e14
3.92176328e14,2.0212952606607652e13,4.0705191315e14
3.93494202e14,2.047084109219355e13,4.0848805627e14
3.94812076e14,2.0731100433422145e13,4.0992509074e14
3.96129784e14,2.0993766282257996e13,4.1136301656e14
3.97447658e14,2.1258838638701094e13,4.1280183373e14
3.98765366e14,2.152633532873372e13,4.1424136398e14
4.0008324e14,2.1796238526373598e13,4.1568196385e14
4.01401114e14,2.2068583883585277e13,4.1712345507e14
4.02718822e14,2.2343371400368758e13,4.1856583764e14
4.04036696e14,2.2620618902706316e13,4.2000893329e14
4.0535457e14,2.290030856461568e13,4.2145309856e14
4.06672278e14,2.318245821207912e13,4.2289815518e14
4.07990152e14,2.346710349706119e13,4.2434410315e14
4.0930786e14,2.375420876759734e13,4.2579112074e14
4.10625734e14,2.4043809675652125e13,4.2723885141e14
4.11943608e14,2.433592404720781e13,4.286876517e14
4.13261316e14,2.463051623029985e13,4.3013734334e14
4.1457919e14,2.4927639702875074e13,4.315881046e14
4.15897064e14,2.5227276638951207e13,4.3303957894e14
4.17214772e14,2.5529444864510516e13,4.344921229e14
4.1853264600000006e14,2.5834162205535285e13,4.3594573648e14
4.1985035399999994e14,2.6141393010060965e13,4.3740006314e14
4.21168228e14,2.6451190756034375e13,4.3885563769e14
4.22486102e14,2.676355544345552e13,4.4031192532e14
4.2380381e14,2.7078469246342125e13,4.4176946084e14
4.2512168399999994e14,2.739594999067646e13,4.4322770944e14
4.26439558e14,2.771601550244081e13,4.4468702766e14
4.27757266e14,2.8038665781635164e13,4.461474155e14
4.2907514e14,2.836390082825953e13,4.4760887296e14
4.3039284800000006e14,2.8691756294278457e13,4.4907122177e14
4.31710722e14,2.9022196527727402e13,4.5053446193e14
4.33028596e14,2.935523935458862e13,4.5199894998e14
4.34346304e14,2.9690920426826688e13,4.5346432938e14
4.3566417800000006e14,3.0029204092477035e13,4.549307784e14
4.36982052e14,3.0370126003504223e13,4.5639811877000006e14
4.3829976e14,3.071368615990825e13,4.5786670703000006e14
4.39617634e14,3.1059884561689113e13,4.5933618664000006e14
4.40935342e14,3.140873903482909e13,4.6080673586999994e14
4.4225321599999994e14,3.1760231753345902e13,4.6227835472e14
4.4357109e14,3.2114398369204105e13,4.6375086491999994e14
4.44888798e14,3.247122105642142e13,4.6522462301e14
4.46206672e14,3.283071764098013e13,4.6669945072000006e14
4.4752454599999994e14,3.3192888122880227e13,4.6817534805000006e14
4.48842254e14,3.355775032810399e13,4.6965213673e14
4.50160128e14,3.392528643066914e13,4.711301733e14
4.51477836e14,3.4295514256557957e13,4.7260927949e14
4.5279571000000006e14,3.4668433805770445e13,4.7408927703e14
4.54113584e14,3.504406290428887e13,4.7557052245999994e14
4.55431292e14,3.542240155211324e13,4.7705283750999994e14
4.56749166e14,3.580344974924355e13,4.7853640044999994e14
4.5806704000000006e14,3.618722532166207e13,4.8002085474000006e14
4.5938474799999994e14,3.657371044338654e13,4.8150655692e14
4.60702622e14,3.696292294039923e13,4.8299332872e14
4.62020496e14,3.7354862812700125e13,4.8448117013999994e14
4.63338204e14,3.774954788627152e13,4.8597008118000006e14
4.6465607799999994e14,3.814696033513114e13,4.8746024011e14
4.65973786e14,3.8547135811243516e13,4.8895146866e14
4.6729166e14,3.895003866264412e13,4.904439451e14
4.68609534e14,3.9355704541297484e13,4.9193731289e14
4.6992724200000006e14,3.9764133447203625e13,4.9343210684e14
4.71245116e14,4.017530755438026e13,4.9492797041000006e14
4.7256299e14,4.058926251479194e13,4.9642490360000006e14
4.73880698e14,4.100598050245638e13,4.9792290640999994e14
4.7519857200000006e14,4.1425479343355875e13,4.9942233538e14
4.7651627999999994e14,4.184774121150813e13,5.009226557e14
4.77834154e14,4.2272783932895445e13,5.0242440218e14
4.79152028e14,4.27006075075178e13,5.0392721828e14
4.8046973600000006e14,4.313122976135747e13,5.0543110399999994e14
4.8178760999999994e14,4.356463286843219e13,5.0693641588e14
4.83105484e14,4.400083465472423e13,5.0844261911e14
4.84423192e14,4.4439835120233586e13,5.099502485e14
4.85741066e14,4.488163426496027e13,5.1145894751e14
4.8705877399999994e14,4.5326249914886555e13,5.1296889440999994e14
4.88376648e14,4.5773646418047875e13,5.144800892e14
4.89694522e14,4.622387725239108e13,5.1599253187999994e14
4.9101223e14,4.667690676595159e13,5.1750604418000006e14
4.9233010400000006e14,4.713275278471171e13,5.1902098263999994e14
4.93647978e14,4.75914331346537e13,5.2053699072e14
4.94965686e14,4.805291216381301e13,5.2205424669e14
4.9628356e14,4.8517225524154195e13,5.2357275055e14
4.9760126800000006e14,4.898437321567725e13,5.2509250229999994e14
4.9891914199999994e14,4.945433741239991e13,5.2661332367000006e14
5.00237016e14,4.992713594030443e13,5.2813557119999994e14
5.01554724e14,5.040276879939083e13,5.2965906661999994e14
5.02872598e14,5.088125381564138e13,5.3118380992999994e14
5.0419047199999994e14,5.136255533709152e13,5.3270980113000006e14
5.0550818e14,5.184670901570582e13,5.3423704022e14
5.06826054e14,5.233369702550199e13,5.357655272e14
5.08143762e14,5.2823537192462305e13,5.3729526206999994e14
5.0946163600000006e14,5.331622951658677e13,5.388264231e14
5.1077951e14,5.381177399787539e13,5.4035865375e14
5.12097218e14,5.4310152810345875e13,5.4189231056e14
5.13415092e14,5.481140160596279e13,5.4342721526e14
5.1473296600000006e14,5.531550255874385e13,5.4496336784999994e14
5.1605067399999994e14,5.582245566868906e13,5.465009466e14
5.17368548e14,5.633226093579842e13,5.4803959497000006e14
5.18686256e14,5.684493618605421e13,5.4957966950000006e14
5.2000413000000006e14,5.736046359347414e13,5.5112117019e14
5.2132200399999994e14,5.78788609840405e13,5.526637405e14
5.22639712e14,5.840012835775329e13,5.5420791523999994e14
5.23957586e14,5.892424788863021e13,5.557531596e14
5.2527546e14,5.945123740265358e13,5.5729983011999994e14
5.2659316799999994e14,5.998109689982337e13,5.5884774853e14
5.27911042e14,6.051384420612184e13,5.603970931e14
5.2922875e14,6.104944366958448e13,5.6194768556e14
5.30546624e14,6.158791311619354e13,5.6349970418e14
5.3186449800000006e14,6.212925254594902e13,5.6505297069e14
5.33182206e14,6.2673479784833195e13,5.6660766336e14
5.3450008e14,6.322057700686381e13,5.6816378219e14
5.35817954e14,6.377054421204084e13,5.6972114891e14
5.3713566200000006e14,6.432339922634658e13,5.7127976352e14
5.3845353599999994e14,6.487912422379874e13,5.7283980429e14
5.39771244e14,6.54377370303796e13,5.7440127122e14
5.41089118e14,6.599921982010688e13,5.7596416431e14
5.4240699200000006e14,6.656359041896287e13,5.7752830529e14
5.4372469999999994e14,6.713083100096528e13,5.7909387243e14
5.45042574e14,6.77009593920964e13,5.8066086573e14
5.46360448e14,6.827395776637393e13,5.8222910692e14
5.47678156e14,6.8849843949780164e13,5.8379877427e14
5.4899602999999994e14,6.94286179423151e13,5.8536986778e14
5.50313738e14,7.001027974397875e13,5.8694238745e14
5.51631612e14,7.059481152878881e13,5.8851633328e14
5.52949486e14,7.118223112272758e13,5.90091527e14
5.5426719400000006e14,7.177253852579505e13,5.9166832515e14
5.55585068e14,7.236571591200894e13,5.9324637119e14
5.56902942e14,7.296179893333381e13,5.9482584339e14
5.5822065e14,7.35607519378051e13,5.9640674175e14
5.5953852400000006e14,7.41625927514051e13,5.9798906627e14
5.6085623199999994e14,7.476730354815152e13,5.9957281695e14
5.62174106e14,7.53749199800089e13,6.0115799379e14
5.6349198e14,7.598540639501272e13,6.0274477506e14
5.64809688e14,7.659878061914525e13,6.0433280422e14
5.66127562e14,7.721504265240647e13,6.0592225954e14
5.67445436e14,7.783419249479639e13,6.0751314102e14
5.68763144e14,7.845621232033273e13,6.0910544866e14
5.70081018e14,7.908111995499778e13,6.1069918246e14
5.71398726e14,7.970891539879155e13,6.1229452069e14
5.727166e14,8.0339598651714e13,6.1389128508e14
5.74034474e14,8.097315188778288e13,6.1548929736e14
5.75352182e14,8.160959293298045e13,6.1708891407e14
5.76670056e14,8.224890396132444e13,6.1868995694e14
5.7798793e14,8.289110279879716e13,6.2029260424e14
5.79305638e14,8.353618944539855e13,6.2189649943e14
5.80623512e14,8.418416390112866e13,6.2350199905e14
5.8194122e14,8.48349905140229e13,6.2510892483e14
5.83259094e14,8.548872276202814e13,6.2671745504e14
5.84576968e14,8.614530716719752e13,6.2832741141e14
5.85894676e14,8.680479720747786e13,6.2993879394e14
5.8721255e14,8.746713940492238e13,6.3155160263e14
5.88530424e14,8.813236941149558e13,6.3316601575e14
5.89848132e14,8.880046940121522e13,6.3478185503e14
5.91166006e14,8.947145720006355e13,6.3639912047e14
5.92483714e14,9.01453149820583e13,6.3801799034e14
5.93801588e14,9.082202492121722e13,6.3963846464e14
5.95119462e14,9.150162266950481e13,6.4126018683e14
5.9643717e14,9.218409040093884e13,6.4288369172e14
5.97755044e14,9.286942811551931e13,6.445084445e14
5.99072918e14,9.355763581324619e13,6.4613497998e14
6.00390626e14,9.42487134941195e13,6.4776276335e14
6.017085e14,9.494266115813922e13,6.4939215115e14
6.03026208e14,9.56394609793231e13,6.5102314338e14
6.04344082e14,9.633914860963569e13,6.5265574004e14
6.05661956e14,9.70416883971124e13,6.5428976286e14
6.06979664e14,9.774708034175328e13,6.5592521184e14
6.08297538e14,9.84553422695406e13,6.5756226525e14
6.09615412e14,9.916645635449205e13,6.5920092309e14
6.1093312e14,9.988044042258992e13,6.6084100709e14
6.12250994e14,1.0059729447383423e14,6.6248269552e14
6.13568702e14,1.013169828562604e14,6.6412598838e14
6.14886576e14,1.02039541221833e14,6.657707074e14
6.1620445e14,1.0276495174456975e14,6.6741720912e14
6.17522158e14,1.0349319659848838e14,6.6906495873e14
6.18840032e14,1.0422431143555344e14,6.7071449104e14
6.20157906e14,1.0495827842978262e14,6.7236544951e14
6.21475614e14,1.0569507975519369e14,6.7401801241e14
6.22793488e14,1.0643475106375119e14,6.7567217974e14
6.24111196e14,1.0717725670349056e14,6.773279515e14
6.2542907e14,1.079225966744118e14,6.7898514942e14
6.26746944e14,1.0867078880249719e14,6.8064413004e14
6.28064652e14,1.0942183308774672e14,6.8230453682e14
6.29382526e14,1.1017569387819588e14,6.8396654803e14
6.307004e14,1.1093240682580914e14,6.8563016367e14
6.32018108e14,1.116919719305866e14,6.8729520547e14
6.33335982e14,1.1245435354056361e14,6.8896202997e14
6.3465369e14,1.1321956948172252e14,6.906304589e14
6.35971564e14,1.139876197540633e14,6.9230031399e14
6.37289438e14,1.1475850435758595e14,6.9397195178e14
6.38607146e14,1.1553222329229047e14,6.9564501573e14
6.3992502e14,1.1630875873219458e14,6.9731968411e14
6.41242894e14,1.170881285032806e14,6.9899613519e14
6.42560602e14,1.1787031477956617e14,7.0067401243e14
6.43878476e14,1.1865533538703366e14,7.0235367237e14
6.45196184e14,1.194431724997007e14,7.0403475847e14
6.46514058e14,1.2023382611756736e14,7.05717449e14
6.47831932e14,1.2102729624063362e14,7.0740192223e14
6.4914964e14,1.2182358286889945e14,7.0908799989e14
6.50467514e14,1.2262268600236494e14,7.1077550371e14
6.51785388e14,1.234245878150477e14,7.1246479023e14
6.53103096e14,1.2422932395891233e14,7.1415568118e14
6.5442097e14,1.250368587819943e14,7.1584817656e14
6.55738678e14,1.2584719228429361e14,7.1754227637e14
6.57056552e14,1.2666034229179248e14,7.1923798061e14
6.58374426e14,1.2747629097850869e14,7.2093546755e14
6.59692134e14,1.282950383444422e14,7.2263438065e14
6.61010008e14,1.2911658438959305e14,7.2433507645e14
6.62327882e14,1.2994092911396122e14,7.2603737668e14
6.6364559e14,1.3076807251754672e14,7.2774145961e14
6.64963464e14,1.3159801460034953e14,7.294469687e14
6.66281172e14,1.3243073753638739e14,7.3115426049e14
6.67599046e14,1.3326625915164255e14,7.3286315671e14
6.6891692e14,1.341045616201328e14,7.3457365736e14
6.70234628e14,1.3494566276784031e14,7.3628576244e14
6.71552502e14,1.3578952694280064e14,7.3799965022e14
6.72870376e14,1.3663618979697827e14,7.3971514243e14
6.74188084e14,1.3748563350439097e14,7.4143241734e14
6.75505958e14,1.3833785806503867e14,7.4315129668e14
6.76823832e14,1.3919284565293917e14,7.4487178045e14
6.7814154e14,1.400506140940747e14,7.4659386865e14
6.79459414e14,1.409111633884453e14,7.4831773955e14
6.80777122e14,1.4177447571006866e14,7.5004321488e14
6.82094996e14,1.4264055105894478e14,7.5177047291e14
6.8341287e14,1.4350940726105597e14,7.5349933537e14
6.84730578e14,1.443810086644376e14,7.5522980226e14
6.86048452e14,1.452553909210543e14,7.5696205185e14
6.87366326e14,1.4613251837894153e14,7.5869590587e14
6.88684034e14,1.470124088640815e14,7.6043154259e14
6.90001908e14,1.4789506237647422e14,7.6216878374e14
6.91319616e14,1.4878046109013747e14,7.6390780759e14
6.9263749e14,1.4966862283105347e14,7.6564843587e14
6.93955364e14,1.5055952977323997e14,7.6739084685e14
6.95273072e14,1.5145318191669697e14,7.6913486226e14
6.96590946e14,1.5234957926142444e14,7.708804821e14
6.9790882e14,1.5324872180742244e14,7.7262806291e14
6.99226528e14,1.5415060955469088e14,7.7437706988e14
7.00544402e14,1.5505524250322984e14,7.7612803782e14
7.0186211e14,1.5596260282705703e14,7.7788043192e14
7.03179984e14,1.5687270835215472e14,7.7963478699e14
7.04497858e14,1.577855234265583e14,7.8139074649e14
7.05815566e14,1.587011015282147e14,7.8314831042e14
7.0713344e14,1.5961938917917703e14,7.8490783532e14
7.08451314e14,1.605404042054276e14,7.8666878638e14
7.09769022e14,1.6146414660696634e14,7.8843169841e14
7.11086896e14,1.6239061638379334e14,7.9019621487e14
7.12404604e14,1.6331979570992625e14,7.9196233576e14
7.13722478e14,1.6425170241134738e14,7.9373041762e14
7.15040352e14,1.6518633648805675e14,7.9550010391e14
7.1635806e14,1.6612366228808975e14,7.972715729e14
7.17675934e14,1.67063715463411e14,7.9904464632e14
7.18993808e14,1.680064781880382e14,8.0081950244e14
7.20311516e14,1.6895193263598903e14,8.0259614126e14
7.2162939e14,1.699001144592281e14,8.0437438451e14
7.22947098e14,1.708509880057908e14,8.0615458873e14
7.24264972e14,1.7180455327567722e14,8.0793639738e14
7.25582846e14,1.7276082809486956e14,8.0971981046e14
7.26900554e14,1.737198124633678e14,8.1150518451e14
7.28218428e14,1.746814707292075e14,8.1329216299e14
7.29536302e14,1.756458385443531e14,8.1508092417e14
7.3085401e14,1.766128802568401e14,8.1687146805e14
7.32171884e14,1.7758261369265075e14,8.1866361636e14
7.33489592e14,1.785550210258028e14,8.2045772564e14
7.34807466e14,1.7953010225629625e14,8.2225343935e14
7.3612534e14,1.805078573841311e14,8.2405093576e14
7.37443048e14,1.814884646691301e14,8.2585021487e14
7.38760922e14,1.8247156759164772e14,8.2765127668e14
7.40078796e14,1.8345734441150672e14,8.2945394292e14
7.41396504e14,1.844457951287071e14,8.3125857013e14
7.42714378e14,1.8543709800307166e14,8.3306480177e14
7.44032086e14,1.864308965149548e14,8.3487281611e14
7.4534996e14,1.8742736892417938e14,8.3668261315e14
7.46667834e14,1.884265152307453e14,8.3849419289e14
7.47985542e14,1.8942833543465266e14,8.4030755533e14
7.49303416e14,1.904328295359014e14,8.4212270047e14
7.5062129e14,1.9143999753449153e14,8.4393962831e14
7.51938998e14,1.9244983943042303e14,8.4575816058e14
7.53256872e14,1.9346217696387316e14,8.4757865382e14
7.5457458e14,1.9447736665448747e14,8.4940075149e14
7.55892454e14,1.9549505198262038e14,8.5122481013e14
7.57210328e14,1.9651558946791747e14,8.530504732e14
7.58528036e14,1.9753862259073316e14,8.5487809724e14
7.5984591e14,1.9856432961089025e14,8.5670732571e14
7.61163784e14,1.9959253226856597e14,8.5853833688e14
7.62481492e14,2.006235870834058e14,8.6037130902e14
7.63799366e14,2.016571375357643e14,8.6220588559e14
7.65117074e14,2.0269336188546422e14,8.6404242313e14
7.66434948e14,2.037322601325055e14,8.658805651e14
7.67752822e14,2.0477383227688816e14,8.6772066804e14
7.6907053e14,2.0581790005878947e14,8.6956237541e14
7.70388404e14,2.0686464173803216e14,8.7140604375e14
7.71706278e14,2.0791405731461622e14,8.7325131652e14
7.73023986e14,2.0896596852871894e14,8.7509855026e14
7.7434186e14,2.1002055364016303e14,8.769475667e14
7.75659568e14,2.1107781264894853e14,8.7879836584e14
7.76977442e14,2.121377455550754e14,8.8065094768e14
7.78295316e14,2.132001740987209e14,8.8250531222e14
7.79613024e14,2.142652765397078e14,8.8436145946e14
7.80930898e14,2.1533287461821334e14,8.862193894e14
7.82248772e14,2.1640314659406025e14,8.8807928031e14
7.8356648e14,2.1747609246724856e14,8.8994077565e14
7.84884354e14,2.185515339779555e14,8.9180423196e14
7.86202062e14,2.196296493860038e14,8.936692927e14
7.87519936e14,2.2071026043157078e14,8.9553631441e14
7.8883781e14,2.2179354537447912e14,8.9740511882e14
7.90155518e14,2.2287950421472884e14,8.992758842e14
7.91473392e14,2.2396795869249722e14,9.0114825401e14
7.92791266e14,2.25059087067607e14,9.0302258479e14
7.94108974e14,2.2615271108023538e14,9.0489869827e14
7.95426848e14,2.272488307303824e14,9.0677659445e14
7.96744556e14,2.2834762427787078e14,9.0865627333e14
7.9806243e14,2.2944909172270062e14,9.1053773491e14
7.99380304e14,2.30553054805049e14,9.1242115746e14
8.00698012e14,2.3165951352491606e14,9.1430636271e14
8.02015886e14,2.3276864614212456e14,9.1619335066e14
8.0333376e14,2.3388045265667438e14,9.180821213100001e14
8.04651468e14,2.3499457654892006e14,9.1997267466e14
8.05969342e14,2.3611137433850716e14,9.2186518898e14
8.0728705e14,2.372308460254357e14,9.237594859999999e14
8.08604924e14,2.383528133498828e14,9.2565556572e14
8.09922798e14,2.3947727631184853e14,9.2755360641e14
8.11240506e14,2.4060441317115566e14,9.294534298e14
8.1255838e14,2.4173404566798144e14,9.3135503589e14
8.13876254e14,2.428661738023258e14,9.332584246800001e14
8.15193962e14,2.4400097583401162e14,9.351637744399999e14
8.16511836e14,2.4513827350321606e14,9.370709069000001e14
8.17829544e14,2.462780668099391e14,9.3897982206e14
8.19147418e14,2.4742053401400353e14,9.408906981900001e14
8.20465292e14,2.485654968555866e14,9.428033570200001e14
8.21783e14,2.497129553346883e14,9.4471779855e14
8.23100874e14,2.5086290945130866e14,9.466342010499999e14
8.24418748e14,2.5201553746527038e14,9.4855238625e14
8.25736456e14,2.5317066111675072e14,9.5047235415e14
8.2705433e14,2.543282804057497e14,9.523942830200001e14
8.28372038e14,2.554883953322673e14,9.543179945899999e14
8.29689912e14,2.5665100589630353e14,9.5624348886e14
8.31007786e14,2.578162903576812e14,9.581709440999999e14
8.323254940000001e14,2.5898407045657747e14,9.6010018204e14
8.336433680000001e14,2.6015434619299234e14,9.6203138095e14
8.349612419999999e14,2.6132711756692584e14,9.6396436256e14
8.3627895e14,2.62502384578378e14,9.658991268699999e14
8.37596824e14,2.6368032548717153e14,9.6783585215e14
8.38914532e14,2.6486058377366097e14,9.6977436013e14
8.40232406e14,2.6604351595749178e14,9.7171465081e14
8.4155028e14,2.672289437788412e14,9.7365690246e14
8.42867988e14,2.6841686723770928e14,9.7560093681e14
8.44185862e14,2.6960728633409597e14,9.7754693213e14
8.45503736e14,2.7080020106800128e14,9.794947101499999e14
8.468214439999999e14,2.7199561143942525e14,9.814444491399999e14
8.48139318e14,2.731935174483678e14,9.833959708299999e14
8.494570260000001e14,2.7439391909482906e14,9.8534945349e14
8.507749000000001e14,2.755968163788089e14,9.8730471885e14
8.520927739999999e14,2.7680220930030738e14,9.892617669100001e14
8.53410482e14,2.7801009785932447e14,9.9122077594e14
8.54728356e14,2.7922048205586022e14,9.9318174594e14
8.560462300000001e14,2.8043336188991462e14,9.9514449864e14
8.57363938e14,2.8164873736148756e14,9.9710903404e14
8.58681812e14,2.828666084705792e14,9.990755304100001e14
8.5999952e14,2.840869752171895e14,1.0010438094800001e15
8.61317394e14,2.853098376013184e14,1.00301404952e15
8.62635268e14,2.865351956229659e14,1.0049862505300001e15
8.639529759999999e14,2.8776304928213206e14,1.00696005597e15
8.6527085e14,2.889933985788168e14,1.0089360006500001e15
8.66588724e14,2.9022606525319744e14,1.01091372803e15
8.679064320000001e14,2.9146122756509675e14,1.01289323811e15
8.692243059999999e14,2.9269906377433744e14,1.01487470916e15
8.70542014e14,2.9393921736127394e14,1.01685814118e15
8.718598880000001e14,2.951818665857291e14,1.0188433559000001e15
8.731777620000001e14,2.9642701144770294e14,1.0208303533200001e15
8.7449547e14,2.976744736873726e14,1.02281948998e15
8.75813344e14,2.989246098243837e14,1.02481023107e15
8.77131218e14,3.001770633390906e14,1.0268031114e15
8.78448926e14,3.014320124913162e14,1.02879777443e15
8.797668e14,3.026894572810604e14,1.0307942201600001e15
8.810845079999999e14,3.039493977083232e14,1.03279262686e15
8.82402382e14,3.052116555132819e14,1.03479299453e15
8.83720256e14,3.064764089557592e14,1.0367951449e15
8.850379639999999e14,3.077436580357552e14,1.03879907797e15
8.863558379999999e14,3.0901340275326975e14,1.04080515028e15
8.87673712e14,3.1028546484848025e14,1.0428130052900001e15
8.889914200000001e14,3.115600225812094e14,1.044822643e15
8.903092940000001e14,3.1283707595145706e14,1.0468344199499999e15
8.91627002e14,3.141166249592234e14,1.04884780133e15
8.92944876e14,3.153984913446856e14,1.0508633219500001e15
8.942627500000001e14,3.166828533676665e14,1.05288062527e15
8.95580458e14,3.179695327683432e14,1.05489971129e15
8.96898332e14,3.1925870780653856e14,1.0569209365499999e15
8.98216206e14,3.2055037848225256e14,1.05894394451e15
8.99533914e14,3.218445447954852e14,1.06096873517e15
9.00851788e14,3.231410284864136e14,1.0629954868e15
9.02169662e14,3.24439829555038e14,1.0650241994e15
9.034873699999999e14,3.2574130452100375e14,1.06705487297e15
9.04805244e14,3.270450968646654e14,1.06908732924e15
9.061229520000001e14,3.283512065860229e14,1.07112174648e15
9.074408259999999e14,3.29659811944899e14,1.07315794642e15
9.087586999999999e14,3.3097091294129375e14,1.0751961073299999e15
9.10076408e14,3.322843313153844e14,1.07723622921e15
9.113942820000001e14,3.3360024532699356e14,1.0792783120600001e15
9.127121560000001e14,3.3491847671629875e14,1.08132217761e15
9.14029864e14,3.362392037431225e14,1.08336800413e15
9.15347738e14,3.3756224814764206e14,1.08541579162e15
9.16665446e14,3.388877881896804e14,1.08746536181e15
9.1798332e14,3.402156456094145e14,1.08951689297e15
9.19301194e14,3.4154599866666725e14,1.09157020683e15
9.20618902e14,3.428786691016159e14,1.09362565993e15
9.21936776e14,3.442138351740831e14,1.09568289573e15
9.2325465e14,3.4555131862424625e14,1.0977420925e15
9.245723579999999e14,3.46891297711928e14,1.09980307197e15
9.258902319999999e14,3.482335941773056e14,1.10186619068e15
9.2720794e14,3.495783862802019e14,1.10393109209e15
9.285258140000001e14,3.50925495760794e14,1.1059977761999999e15
9.298436879999999e14,3.52274922619082e14,1.10806659955e15
9.31161396e14,3.536268451148886e14,1.1101372055999999e15
9.3247927e14,3.549810849883912e14,1.1122097726199999e15
9.337971440000001e14,3.563378204994123e14,1.11428430061e15
9.35114852e14,3.576968733881293e14,1.1163606113000001e15
9.36432726e14,3.590582436545422e14,1.1184388829600001e15
9.37750434e14,3.604221095584737e14,1.12051911559e15
9.39068308e14,3.6178829284010106e14,1.12260130919e15
9.40386182e14,3.631567934994243e14,1.12468528549e15
9.417038899999999e14,3.645277897962662e14,1.12677140103e15
9.43021764e14,3.6590110347080394e14,1.12885929927e15
9.44339638e14,3.6727673452303756e14,1.13094898021e15
9.456573460000001e14,3.686548612127898e14,1.13304080039e15
9.469752199999999e14,3.7003530528023794e14,1.13513440327e15
9.48292928e14,3.7141806672538194e14,1.13722996712e15
9.49610802e14,3.7280332380804456e14,1.13932749194e15
9.509286760000001e14,3.7419089826840306e14,1.14142697773e15
9.52246384e14,3.7558079010645744e14,1.14352824622e15
9.53564258e14,3.769729993222076e14,1.14563165395e15
9.54882132e14,3.7836770417547656e14,1.14773684438e15
9.5619984e14,3.797645481466185e14,1.14984399578e15
9.57517714e14,3.811638877552791e14,1.15195310815e15
9.588354219999999e14,3.825657230014584e14,1.15406400322e15
9.60153296e14,3.839696973655107e14,1.15617685926e15
9.6147117e14,3.8537616736708175e14,1.15829185454e15
9.627888780000001e14,3.8678495474634856e14,1.16040863252e15
9.641067519999999e14,3.881960595033113e14,1.1625271932e15
9.654246259999999e14,3.896094816379699e14,1.16464789312e15
9.66742334e14,3.910252211503243e14,1.16677055401e15
9.680602080000001e14,3.9244345630019744e14,1.1688949976e15
9.69377916e14,3.938640088277664e14,1.17102140216e15
9.7069579e14,3.9528687873303125e14,1.17314976769e15
9.72013664e14,3.9671206601599194e14,1.17528009419e15
9.73331372e14,3.9813957067664856e14,1.17741238166e15
9.74649246e14,3.99569392715001e14,1.17954645183e15
9.7596712e14,4.010015321310493e14,1.18168266124e15
9.77284828e14,4.0243616718461625e14,1.18382065335e15
9.78602702e14,4.038729413560563e14,1.18596060643e15
9.799204100000001e14,4.0531221116501506e14,1.18810252048e15
9.812382839999999e14,4.0675379835166956e14,1.1902463955e15
9.82556158e14,4.0819752465619725e14,1.19239205322e15
9.83873866e14,4.096437465982436e14,1.19453985018e15
9.851917400000001e14,4.110922859179858e14,1.19668960811e15
9.865096139999999e14,4.125431426154238e14,1.19884114874e15
9.87827322e14,4.1399631669055775e14,1.20099465034e15
9.89145196e14,4.154518081433875e14,1.20315011291e15
9.90462904e14,4.169096169739132e14,1.20530753645e15
9.91780778e14,4.1836974318213475e14,1.20746692096e15
9.93098652e14,4.198321867680521e14,1.20962826644e15
9.9441636e14,4.212969477316654e14,1.21179157289e15
9.95734234e14,4.2276402607297456e14,1.21395666204e15
9.97052108e14,4.2423342179197956e14,1.21612389043e15
9.983698159999999e14,4.257051348886805e14,1.21829290152e15
9.9968769e14,4.2717916536307725e14,1.22046387358e15
1.001005398e15,4.286555132151699e14,1.22263680661e15
1.0023232720000001e15,4.301341784449584e14,1.22481187888e15
1.0036411459999999e15,4.3161516105244275e14,1.22698873385e15
1.004958854e15,4.33098461037623e14,1.22916737152e15
1.006276728e15,4.345840784004991e14,1.23134814843e15
1.0075946020000001e15,4.360718348812484e14,1.23353088631e15
1.00891231e15,4.375620869995162e14,1.23571558516e15
1.010230184e15,4.390544782356572e14,1.23790206671e15
1.011547892e15,4.4054918684949406e14,1.2400906875e15
1.012865766e15,4.420463911008495e14,1.24228109099e15
1.01418364e15,4.4354573447007806e14,1.24447363372e15
1.0155013479999999e15,4.4504739521700256e14,1.24666795915e15
1.016819222e15,4.465513733416229e14,1.24886442382e15
1.018137096e15,4.480574905841163e14,1.25106267119e15
1.0194548040000001e15,4.495661034641284e14,1.25326287953e15
1.0207726779999999e15,4.5107685546201356e14,1.25546504884e15
1.022090386e15,4.525901030974174e14,1.25766917912e15
1.02340826e15,4.5410548985069425e14,1.25987527037e15
1.0247261340000001e15,4.5562319398166706e14,1.26208332259e15
1.026043842e15,4.5714303723051306e14,1.26429333578e15
1.027361716e15,4.5866537611687756e14,1.26650530994e15
1.02867959e15,4.601898541211151e14,1.26871924507e15
1.029997298e15,4.6171664950304875e14,1.27093514117e15
1.031315172e15,4.632457622626781e14,1.27315299824e15
1.0326328799999999e15,4.647771924000034e14,1.27537263801e15
1.033950754e15,4.6631076165520175e14,1.27759441702e15
1.035268628e15,4.6784682654791875e14,1.279818157e15
1.0365863360000001e15,4.693850305585088e14,1.28204385795e15
1.0379042099999999e15,4.7092537368697206e14,1.2842713416e15
1.039222084e15,4.724682124529539e14,1.28650096449e15
1.040539792e15,4.7401319033680894e14,1.28873237008e15
1.0418576660000001e15,4.7556048559835975e14,1.29096591491e15
1.043175374e15,4.771100982376065e14,1.29320142071e15
1.044493248e15,4.786618499947263e14,1.29543870921e15
1.045811122e15,4.8021609738936475e14,1.29767813695e15
1.04712883e15,4.817723056420535e14,1.29991934739e15
1.048446704e15,4.83331009532261e14,1.30216269707e15
1.049764578e15,4.848918525403415e14,1.30440800772e15
1.051082286e15,4.86455012926118e14,1.30665510107e15
1.05240016e15,4.8802049068959025e14,1.30890433366e15
1.0537178680000001e15,4.895881075709356e14,1.31115534895e15
1.0550357419999999e15,4.911580418299769e14,1.31340850348e15
1.056353616e15,4.92730293466714e14,1.31566361898e15
1.057671324e15,4.943046842213244e14,1.31792051718e15
1.0589891980000001e15,4.958813923536304e14,1.32017955462e15
1.0603070719999999e15,4.974602396038097e14,1.32244037476e15
1.06162478e15,4.990414042316848e14,1.32470333414e15
1.062942654e15,5.006248862372557e14,1.32696825449e15
1.064260362e15,5.022106856205226e14,1.32923495754e15
1.065578236e15,5.037986241216626e14,1.33150379983e15
1.06689611e15,5.053887017406757e14,1.33377460309e15
1.068213818e15,5.069812749972074e14,1.33604736732e15
1.069531692e15,5.085758091117894e14,1.33832191425e15
1.070849566e15,5.1017283886389006e14,1.34059860042e15
1.0721672739999999e15,5.117720077338639e14,1.34287724756e15
1.073485148e15,5.133733157217108e14,1.34515785567e15
1.074802856e15,5.149769410872536e14,1.34744042475e15
1.0761207300000001e15,5.1658288383049225e14,1.3497249548e15
1.0774386039999999e15,5.1819096569160406e14,1.35201144582e15
1.078756312e15,5.198013649304117e14,1.35429989781e15
1.080074186e15,5.214140815469151e14,1.35659031077e15
1.0813920600000001e15,5.23028759021469e14,1.3588826847e15
1.082709768e15,5.246459321335415e14,1.3611770196e15
1.084027642e15,5.262652443634871e14,1.36347349374e15
1.08534535e15,5.278866957113059e14,1.36577175058e15
1.086663224e15,5.295104644368204e14,1.36807196839e15
1.087981098e15,5.311365505400308e14,1.37037432544e15
1.0892988059999999e15,5.3276477576111444e14,1.37267846519e15
1.09061668e15,5.343951401000711e14,1.37498456591e15
1.091934554e15,5.3602782181672375e14,1.37729280587e15
1.0932522620000001e15,5.376628209110721e14,1.3796030068e15
1.0945701359999999e15,5.392999591232937e14,1.38191499043e15
1.095887844e15,5.4093923645338825e14,1.3842291133e15
1.097205718e15,5.425808311611788e14,1.38654519714e15
1.0985235920000001e15,5.4422456498684244e14,1.38886324195e15
1.0998413e15,5.4587061619020194e14,1.39118324773e15
1.101159174e15,5.4751880651143456e14,1.39350521448e15
1.102477048e15,5.4916931421036306e14,1.3958291422e15
1.103794756e15,5.508219610271646e14,1.39815503089e15
1.10511263e15,5.524767469618393e14,1.40048288055e15
1.1064303379999999e15,5.541338502742099e14,1.40281286945e15
1.107748212e15,5.557932709642763e14,1.40514464105e15
1.109066086e15,5.574546525123932e14,1.40747837362e15
1.1103837940000001e15,5.591185296980286e14,1.40981424543e15
1.1117016679999999e15,5.607843677417143e14,1.41215207821e15
1.113019542e15,5.62452523163096e14,1.41449169369e15
1.11433725e15,5.641228177023508e14,1.41683344841e15
1.1156551240000001e15,5.657954296193014e14,1.4191771641e15
1.1169729979999999e15,5.674701806541251e14,1.42152284076e15
1.118290706e15,5.691472490666449e14,1.42387047839e15
1.11960858e15,5.708264565970376e14,1.42622007699e15
1.120926288e15,5.725078032453034e14,1.42857181483e15
1.122244162e15,5.741912890114422e14,1.43092533537e15
1.123562036e15,5.758770921552771e14,1.43328081688e15
1.124879744e15,5.775652126768079e14,1.43563843763e15
1.126197618e15,5.792552940563889e14,1.43799801935e15
1.127515492e15,5.809476928136659e14,1.44035938377e15
1.1288332e15,5.826422306888159e14,1.44272288743e15
1.130151074e15,5.843390859416618e14,1.44508835206e15
1.131468782e15,5.860380803123808e14,1.44745577766e15
1.132786656e15,5.877392138009729e14,1.4498253425e15
1.13410453e15,5.894426646672609e14,1.45219669004e15
1.135422238e15,5.91148254651422e14,1.45456999855e15
1.136740112e15,5.928559837534562e14,1.4569454463e15
1.138057986e15,5.945658519733636e14,1.45932285502e15
1.139375694e15,5.962780375709668e14,1.46170204644e15
1.140693568e15,5.979923622864431e14,1.4640833771e15
1.142011276e15,5.997088261197925e14,1.46646666873e15
1.14332915e15,6.014276073308378e14,1.46885192133e15
1.144647024e15,6.031483493999335e14,1.4712391349e15
1.145964732e15,6.04871408846725e14,1.47362848771e15
1.147282606e15,6.065967856712124e14,1.47601962322e15
1.14860048e15,6.083241233537501e14,1.47841289797e15
1.149918188e15,6.100537784139838e14,1.48080813369e15
1.151236062e15,6.117855725920905e14,1.48320515211e15
1.15255377e15,6.135195058880702e14,1.48560430977e15
1.153871644e15,6.152557565617461e14,1.48800560667e15
1.155189518e15,6.169941463532949e14,1.49040868627e15
1.156507226e15,6.187346752627169e14,1.49281372684e15
1.1578251e15,6.204773432900119e14,1.49522090665e15
1.159142974e15,6.2222215043518e14,1.49762986916e15
1.160460682e15,6.23969274958044e14,1.50004097091e15
1.161778556e15,6.257183603389584e14,1.50245403363e15
1.163096264e15,6.274697630975686e14,1.50486905732e15
1.164414138e15,6.292234832338749e14,1.50728604198e15
1.165732012e15,6.309791642282312e14,1.50970516588e15
1.16704972e15,6.327369843404609e14,1.51212607248e15
1.168367594e15,6.344971218303864e14,1.51454911832e15
1.169685468e15,6.362593984381849e14,1.51697394686e15
1.171003176e15,6.380238141638565e14,1.51940091464e15
1.17232105e15,6.397903690074014e14,1.52182984339e15
1.173638758e15,6.415592412286421e14,1.52426073311e15
1.174956632e15,6.433300743079331e14,1.52669376207e15
1.176274506e15,6.4510322476492e14,1.52912857373e15
1.177592214e15,6.468783360799572e14,1.53156552463e15
1.178910088e15,6.486557647726904e14,1.5340044365e15
1.180227962e15,6.504353325832965e14,1.53644530934e15
1.18154567e15,6.522172177715988e14,1.53888814315e15
1.182863544e15,6.540010638179511e14,1.54133293793e15
1.184181252e15,6.557870489821766e14,1.54377969368e15
1.185499126e15,6.575753515240981e14,1.54622858867e15
1.186817e15,6.593656149240699e14,1.54867944463e15
1.188134708e15,6.611581957017375e14,1.55113208329e15
1.189452582e15,6.629529155972782e14,1.55358703946e15
1.190770456e15,6.647497746106921e14,1.55604377833e15
1.192088164e15,6.665487727419791e14,1.55850247817e15
1.193406038e15,6.683499099911392e14,1.56096331725e15
1.194723746e15,6.701531863581725e14,1.56342593903e15
1.19604162e15,6.719587801029016e14,1.56589070005e15
1.197359494e15,6.73766334705681e14,1.56835742204e15
1.198677202e15,6.755760284263335e14,1.570826105e15
1.199995076e15,6.77388039524682e14,1.5732969272e15
1.20131295e15,6.792020114810808e14,1.5757695321e15
1.202630658e15,6.810183008151754e14,1.57824427624e15
1.203948532e15,6.828367292671431e14,1.58072098135e15
1.20526624e15,6.846571185771612e14,1.58319964743e15
1.206584114e15,6.864798252648752e14,1.58568027448e15
1.207901988e15,6.883046710704622e14,1.5881628625e15
1.209219696e15,6.901316559939225e14,1.59064758976e15
1.21053757e15,6.919606017754331e14,1.59313427799e15
1.211855444e15,6.937918649346395e14,1.59562292719e15
1.213173152e15,6.956252672117191e14,1.59811353736e15
1.214491026e15,6.974608086066718e14,1.6006061085e15
1.215808734e15,6.992984891194975e14,1.60310064061e15
1.217126608e15,7.011383087501964e14,1.60559731196e15
1.218444482e15,7.029802674987684e14,1.60809594428e15
1.21976219e15,7.048243653652134e14,1.61059653757e15
1.221080064e15,7.066706023495316e14,1.61309909183e15
1.222397938e15,7.08518978451723e14,1.61560360706e15
1.223715646e15,7.103693154119646e14,1.61811026153e15
1.22503352e15,7.122219697499021e14,1.62061887697e15
1.226351228e15,7.140767632057128e14,1.62312927511e15
1.227669102e15,7.159336957793965e14,1.62564199076e15
1.228986976e15,7.177927674709535e14,1.62815648911e15
1.230304684e15,7.196538000205608e14,1.63067294843e15
1.231622558e15,7.215171499478638e14,1.63319154699e15
1.232940432e15,7.2338263899304e14,1.63571210652e15
1.23425814e15,7.252500888962666e14,1.63823462702e15
1.235576014e15,7.271198561771891e14,1.64075910849e15
1.236893722e15,7.289917625759846e14,1.6432857292e15
1.238211596e15,7.308656298328305e14,1.64581413261e15
1.23952947e15,7.327416362075495e14,1.64834467526e15
1.240847178e15,7.346199599599644e14,1.65087717888e15
1.242165052e15,7.365002445704296e14,1.65341164347e15
1.243482926e15,7.38382668298768e14,1.6559482473e15
1.244800634e15,7.402672311449794e14,1.65848663383e15
1.246118508e15,7.42153933109064e14,1.6610271596e15
1.247436216e15,7.440427741910216e14,1.66356964634e15
1.24875409e15,7.459337543908525e14,1.66611409405e15
1.250071964e15,7.478268737085564e14,1.668660681e15
1.251389672e15,7.497221321441334e14,1.67120905065e15
1.252707546e15,7.516193514377608e14,1.67375955954e15
1.25402542e15,7.53518888109084e14,1.6763120294e15
1.255343128e15,7.554203856384576e14,1.67886646023e15
1.256661002e15,7.573240222857044e14,1.6814230303e15
1.25797871e15,7.592297980508241e14,1.68398138307e15
1.259296584e15,7.611378911936399e14,1.68654187508e15
1.260614458e15,7.630477669346831e14,1.68910432806e15
1.261932166e15,7.649599600534222e14,1.69166874201e15
1.26325004e15,7.668742922900346e14,1.6942352952e15
1.264567914e15,7.687905853846971e14,1.69680380936e15
1.265885622e15,7.707091958570556e14,1.69937410622e15
1.267203496e15,7.726297671874645e14,1.70194672059e15
1.268521204e15,7.745524776357465e14,1.70452111766e15
1.269839078e15,7.764773272019015e14,1.7070974757e15
1.271156952e15,7.784043158859298e14,1.70967597298e15
1.27247466e15,7.803332654280082e14,1.71225643123e15
1.273792534e15,7.822645323477826e14,1.71483885045e15
1.275110408e15,7.841977601256074e14,1.71742323064e15
1.276428116e15,7.861331270213052e14,1.72000975007e15
1.27774599e15,7.880706330348762e14,1.72259823047e15
1.279063698e15,7.900102781663204e14,1.72518867184e15
1.280381572e15,7.919520624156375e14,1.72778107418e15
1.281699446e15,7.93895807523005e14,1.73037543749e15
1.283017154e15,7.958416917482458e14,1.73297194004e15
1.284335028e15,7.977897150913595e14,1.73557040356e15
1.285652902e15,7.997398775523464e14,1.73817082805e15
1.28697061e15,8.016921791312064e14,1.74077321351e15
1.288288484e15,8.036464415681168e14,1.74337773821e15
1.289606192e15,8.05603021382723e14,1.74598422388e15
1.290924066e15,8.075615620553795e14,1.74859267052e15
1.29224194e15,8.095220635860865e14,1.75120307813e15
1.293559648e15,8.114848824944894e14,1.75381544671e15
1.294877522e15,8.134498405207651e14,1.75642995453e15
1.296195396e15,8.154167594050915e14,1.75904642332e15
1.297513104e15,8.173858174072909e14,1.76166485308e15
1.298830978e15,8.193568362675406e14,1.76428524381e15
1.300148686e15,8.213301725054861e14,1.76690777378e15
1.30146656e15,8.233054696014821e14,1.76953208645e15
1.302784434e15,8.252829058153511e14,1.77215853836e15
1.304102142e15,8.272624811470934e14,1.77478712951e15
1.305420016e15,8.292441955967086e14,1.77741750336e15
1.30673789e15,8.312278709043744e14,1.78005001645e15
1.308055598e15,8.33213685329913e14,1.78268449051e15
1.309373472e15,8.352016388733249e14,1.785320569e15
1.31069118e15,8.371917315346099e14,1.787958965e15
1.312009054e15,8.391837850539452e14,1.7905991437e15
1.313326928e15,8.411779776911536e14,1.7932428878e15
1.314644636e15,8.431743094462351e14,1.7958866319e15
1.31596251e15,8.451726020593671e14,1.7985339414e15
1.317280384e15,8.471732120501949e14,1.8011812509e15
1.318598092e15,8.49175782899073e14,1.8038321258e15
1.319915966e15,8.511803146060014e14,1.8064847834e15
1.321233674e15,8.531871636906259e14,1.8091392237e15
1.322551548e15,8.551959736333005e14,1.8117954467e15
1.323869422e15,8.572069226938484e14,1.8144534524e15
1.32518713e15,8.592198326124465e14,1.8171150235e15
1.326505004e15,8.612350599087405e14,1.8197765946e15
1.327822878e15,8.632522480630849e14,1.8224417311e15
1.329140586e15,8.652713970754796e14,1.8251086503e15
1.33045846e15,8.672928634655702e14,1.8277773522e15
1.331776168e15,8.693162907137112e14,1.8304478368000002e15
1.333094042e15,8.713418570797252e14,1.8331201040999998e15
1.334411916e15,8.733693843037898e14,1.8357941540999998e15
1.335729624e15,8.753990506457272e14,1.8384699868000002e15
1.337047498e15,8.774308561055379e14,1.8411493849e15
1.338365372e15,8.794648006832218e14,1.843828783e15
1.33968308e15,8.815007061189559e14,1.8465117465000002e15
1.341000954e15,8.83538750672563e14,1.8491964927e15
1.342318828e15,8.855787560842206e14,1.8518830216e15
1.343636536e15,8.876209006137514e14,1.8545713332e15
1.34495441e15,8.896651842611551e14,1.8572614275e15
1.346272118e15,8.917116070264321e14,1.8599550872e15
1.347589992e15,8.937599906497592e14,1.8626487469e15
1.348907866e15,8.958105133909598e14,1.8653459719999998e15
1.350225574e15,8.978629969902105e14,1.8680449798e15
1.351543448e15,8.999176197073342e14,1.8707457702999998e15
1.352861322e15,9.019743815423312e14,1.8734483435e15
1.35417903e15,9.040332824952014e14,1.8761526994e15
1.355496904e15,9.060941443061218e14,1.878858838e15
1.356814612e15,9.081569669750925e14,1.8815667593e15
1.358132486e15,9.102221070217592e14,1.884278246e15
1.35945036e15,9.122892079264761e14,1.8869897327e15
1.360768068e15,9.143582696892435e14,1.8897047847999998e15
1.362085942e15,9.164296488297068e14,1.8924216196e15
1.363403816e15,9.185029888282204e14,1.8951402371000002e15
1.364721524e15,9.205782896847841e14,1.8978606373e15
1.366039398e15,9.226557296592214e14,1.9005828202e15
1.367357106e15,9.247353087515314e14,1.9033085685e15
1.36867498e15,9.26816848701892e14,1.9060343168e15
1.369992854e15,9.289005277701256e14,1.9087636304999998e15
1.371310562e15,9.309863459562322e14,1.9114947269000002e15
1.372628436e15,9.330741250003892e14,1.9142258233e15
1.37394631e15,9.351640431624195e14,1.9169604851000002e15
1.375264018e15,9.372559221825001e14,1.9196987123e15
1.376581892e15,9.393499403204538e14,1.9224369395e15
1.3778996e15,9.414460975762805e14,1.9251769494e15
1.379217474e15,9.435442156901576e14,1.9279205247e15
1.380535348e15,9.456444729219078e14,1.9306641e15
1.381853056e15,9.477466910117084e14,1.9334112407e15
1.38317093e15,9.498510482193821e14,1.9361601641000002e15
1.384488804e15,9.519573662851062e14,1.9389108702e15
1.385806512e15,9.540660017285261e14,1.9416633590000002e15
1.387124386e15,9.561764197701736e14,1.9444176304999998e15
1.388442094e15,9.582889769296941e14,1.9471754674e15
1.389759968e15,9.60403673207088e14,1.9499333043e15
1.391077842e15,9.625205086023549e14,1.9526947066e15
1.39239555e15,9.64639304855672e14,1.9554561088999998e15
1.393713424e15,9.667600619670395e14,1.9582210766000002e15
1.395031298e15,9.688829581962804e14,1.960987827e15
1.396349006e15,9.71007993543394e14,1.9637563601000002e15
1.39766688e15,9.731349897485581e14,1.9665284586e15
1.398984588e15,9.752641250715955e14,1.9693005571e15
1.400302462e15,9.773952212526829e14,1.972076221e15
1.401620336e15,9.795284565516438e14,1.9748518849e15
1.402938044e15,9.816636527086546e14,1.9776311142e15
1.404255918e15,9.83800987983539e14,1.9804121262e15
1.405573792e15,9.859404623762962e14,1.9831949209000002e15
1.4068915e15,9.880818976271038e14,1.9859794983e15
1.408209374e15,9.902252937359618e14,1.9887658584000002e15
1.409527082e15,9.92370828962693e14,1.9915557838999998e15
1.410844956e15,9.945185033072971e14,1.9943457094e15
1.41216283e15,9.966681385099515e14,1.9971392003e15
1.413480538e15,9.988199128304794e14,1.9999326912e15
1.414798412e15,1.0009736480090572e15,2.0027297475e15
1.416116286e15,1.0031295223055085e15,2.0055285864999998e15
1.417433994e15,1.00528735746001e15,2.0083292082e15
1.418751868e15,1.0074473317323846e15,2.0111333952999998e15
1.420069576e15,1.0096092668628095e15,2.0139375824e15
1.42138745e15,1.0117733411111075e15,2.0167453349e15
1.422705324e15,1.013939376217456e15,2.0195530874000002e15
1.424023032e15,1.0161075504416775e15,2.0223644053000002e15
1.425340906e15,1.0182776855239494e15,2.0251775059e15
1.42665878e15,1.0204499597240945e15,2.0279923892e15
1.427976488e15,1.0226241947822899e15,2.0308090552e15
1.429294362e15,1.0248005689583581e15,2.0336275039e15
1.43061207e15,1.0269789039924771e15,2.0364495179999998e15
1.431929944e15,1.0291593781444689e15,2.0392715321e15
1.433247818e15,1.0313418131545112e15,2.0420971116e15
1.434565526e15,1.0335263872824268e15,2.0449244738e15
1.4358834e15,1.0357129222683924e15,2.0477536187e15
1.437201274e15,1.0379015963722312e15,2.0505845463e15
1.438518982e15,1.0400922313341204e15,2.0534172566e15
1.439836856e15,1.0422850054138826e15,2.0562517496000002e15
1.441154564e15,1.0444797403516954e15,2.0590880253e15
1.442472438e15,1.0466766144073811e15,2.0619278664e15
1.443790312e15,1.0488754493211174e15,2.0647694902000002e15
1.44510802e15,1.0510764233527266e15,2.067611114e15
1.446425894e15,1.053279358242386e15,2.0704563032e15
1.447743768e15,1.0554842539900961e15,2.0733032750999998e15
1.449061476e15,1.0576912888556791e15,2.0761538124000002e15
1.45037935e15,1.0599004628391354e15,2.0790043497e15
1.451697058e15,1.0621115976806418e15,2.0818566696999998e15
1.453014932e15,1.0643246933801988e15,2.0847125551e15
1.454332806e15,1.0665399281976288e15,2.0875684405000002e15
1.455650514e15,1.068757123873109e15,2.0904278912999998e15
1.456968388e15,1.0709764586664625e15,2.0932891248e15
1.458286262e15,1.0731977543178662e15,2.0961521409999998e15
1.45960397e15,1.0754211890871431e15,2.0990169398999998e15
1.460921844e15,1.0776465847144705e15,2.1018853042e15
1.462239552e15,1.0798739411998481e15,2.1047536685e15
1.463557426e15,1.0821034368030988e15,2.1076255982000002e15
1.4648753e15,1.0843350715242226e15,2.1104975279e15
1.466193008e15,1.0865686671033969e15,2.113373023e15
1.467510882e15,1.0888042235406214e15,2.1162503008e15
1.468828756e15,1.0910419190957191e15,2.1191293613e15
1.470146464e15,1.0932815755088671e15,2.1220102045e15
1.471464338e15,1.0955231927800654e15,2.1248946131e15
1.472782046e15,1.097766949169137e15,2.1277790216999998e15
1.47409992e15,1.1000128446760814e15,2.1306669957e15
1.475417794e15,1.1022605227812538e15,2.1335549696999998e15
1.476735502e15,1.1045105182641216e15,2.1364465091e15
1.478053376e15,1.1067622963452175e15,2.1393398312e15
1.47937125e15,1.1090162135441861e15,2.142234936e15
1.480688958e15,1.111272269861028e15,2.1451318235e15
1.482006832e15,1.1135302870359202e15,2.1480322764e15
1.48332454e15,1.1157902650688629e15,2.1509327293e15
1.484642414e15,1.1180523822196785e15,2.1538367476000002e15
1.485960288e15,1.1203164602285445e15,2.1567425486e15
1.487277996e15,1.1225826773552836e15,2.1596483496000002e15
1.48859587e15,1.1248506770802505e15,2.1625577159999998e15
1.489913744e15,1.127120994182913e15,2.1654688651e15
1.491231452e15,1.129393272143626e15,2.1683835796e15
1.492549326e15,1.1316675109623892e15,2.1712982941e15
1.493867034e15,1.133943710639203e15,2.1742147912999998e15
1.495184908e15,1.13622204943389e15,2.1771348539e15
1.496502782e15,1.138502349086627e15,2.1800566992e15
1.49782049e15,1.1407847878572372e15,2.1829803272e15
1.499138364e15,1.1430691874858978e15,2.1859057378999998e15
1.500456238e15,1.1453557262324315e15,2.1888329313e15
1.501773946e15,1.1476440475771928e15,2.1917619074e15
1.50309182e15,1.14993468629965e15,2.1946926662e15
1.504409528e15,1.1522271076203348e15,2.1976269904e15
1.505727402e15,1.1545216680588925e15,2.2005613145999998e15
1.507045276e15,1.1568183676153235e15,2.2034992042e15
1.508362984e15,1.1591168497699822e15,2.2064388765e15
1.509680858e15,1.161417471042514e15,2.2093803315e15
1.510998732e15,1.1637202314329188e15,2.2123235692000002e15
1.51231644e15,1.166024952681374e15,2.2152685895999998e15
1.513634314e15,1.1683316347878795e15,2.2182171753999998e15
1.514952022e15,1.1706402777524355e15,2.2211657611999998e15
1.516269896e15,1.1729510598348642e15,2.2241179124000002e15
1.51758777e15,1.1752639810351665e15,2.2270718463e15
1.518905478e15,1.177578684833696e15,2.2300275628999998e15
1.520223352e15,1.1798955277500988e15,2.2329850622e15
1.521541226e15,1.1822145097843748e15,2.2359443442000002e15
1.522858934e15,1.1845352744168782e15,2.2389054088999998e15
1.524176808e15,1.186858178167255e15,2.2418682563e15
1.525494516e15,1.1891832210355048e15,2.2448346691e15
1.52681239e15,1.191510046501982e15,2.2478028645999998e15
1.528130264e15,1.1938390110863322e15,2.2507710601000002e15
1.529447972e15,1.196170114788556e15,2.253742821e15
1.530765846e15,1.1985031793488298e15,2.2567163646e15
1.53208372e15,1.200838204767154e15,2.2596916909e15
1.533401428e15,1.2031751910435288e15,2.2626705826e15
1.534719302e15,1.2055143164377762e15,2.2656494743e15
1.53603701e15,1.2078554026900745e15,2.2686319314e15
1.537354884e15,1.2101986280602455e15,2.2716143885e15
1.538672758e15,1.2125436360286445e15,2.274600411e15
1.539990466e15,1.2148907831149162e15,2.2775882162e15
1.54130834e15,1.2172400693190612e15,2.2805778041e15
1.542626214e15,1.2195913163812565e15,2.2835691747e15
1.543943922e15,1.2219445243015022e15,2.2865641107e15
1.545261796e15,1.2242996930797982e15,2.2895590467e15
1.546579504e15,1.2266570009759675e15,2.2925575481e15
1.547897378e15,1.2290162697301868e15,2.2955560495e15
1.549215252e15,1.2313774993424568e15,2.2985581163e15
1.55053296e15,1.2337408680726e15,2.3015619658e15
1.551850834e15,1.236106197660793e15,2.304567598e15
1.553168708e15,1.238473488107037e15,2.3075750129e15
1.554486416e15,1.2408429176711535e15,2.3105859932e15
1.55580429e15,1.2432143080933208e15,2.3135969735e15
1.557122164e15,1.2455876593735382e15,2.3166115192e15
1.558439872e15,1.2479629715118062e15,2.3196260649e15
1.559757746e15,1.250340422767947e15,2.322644176e15
1.561075454e15,1.2527198348821385e15,2.3256640698e15
1.562393328e15,1.255101386114203e15,2.3286857463e15
1.563711202e15,1.2574848982043175e15,2.3317092055e15
1.56502891e15,1.2598703711524828e15,2.3347362301e15
1.566346784e15,1.2622578049586982e15,2.3377632547e15
1.567664658e15,1.264647377882787e15,2.3407938447e15
1.568982366e15,1.267038733405103e15,2.3438244347e15
1.57030024e15,1.2694324063051152e15,2.3468585901e15
1.571617948e15,1.2718278618033548e15,2.3498945282e15
1.572935822e15,1.2742254564194675e15,2.352932249e15
1.574253696e15,1.2766250118936308e15,2.3559735352e15
1.575571404e15,1.279026528225844e15,2.3590148214e15
1.576889278e15,1.2814301836759308e15,2.3620578903e15
1.578207152e15,1.2838357999840675e15,2.3651045246e15
1.57952486e15,1.2862433771502548e15,2.3681529416e15
1.580842734e15,1.2886530934343152e15,2.3712031413e15
1.582160442e15,1.2910645923166032e15,2.3742551237e15
1.583478316e15,1.2934782303167645e15,2.3773088888e15
1.58479619e15,1.2958940074347985e15,2.3803644366e15
1.586113898e15,1.2983115671510602e15,2.3834217671e15
1.587431772e15,1.3007312659851955e15,2.386482663e15
1.588749646e15,1.3031529256773805e15,2.3895453416e15
1.590067354e15,1.3055765462276162e15,2.3926080202e15
1.591385228e15,1.308002305895725e15,2.3956742642e15
1.592702936e15,1.310430026421884e15,2.3987422909e15
1.59402081e15,1.3128597078060935e15,2.4018121003e15
1.595338684e15,1.315291528308176e15,2.4048854751e15
1.596656392e15,1.3177251314084862e15,2.4079588499e15
1.597974266e15,1.3201608736266695e15,2.4110357901e15
1.59929214e15,1.322598576702903e15,2.4141127303e15
1.600609848e15,1.3250384188970098e15,2.4171932359e15
1.601927722e15,1.327480043689344e15,2.4202755242e15
1.60324543e15,1.3299238075995515e15,2.4233595952e15
1.604563304e15,1.332369710627632e15,2.4264454489e15
1.605881178e15,1.3348173962539402e15,2.4295330853e15
1.607198886e15,1.3372672209981215e15,2.4326242871e15
1.60851676e15,1.339719006600353e15,2.4357154889e15
1.609834634e15,1.342172753060635e15,2.4388102561e15
1.611152342e15,1.3446284603789672e15,2.441906806e15
1.612470216e15,1.3470863068151728e15,2.4450051386e15
1.613787924e15,1.3495461141094285e15,2.4481052539e15
1.615105798e15,1.3520078822617345e15,2.4512071519e15
1.616423672e15,1.354471611272091e15,2.4543108326e15
1.61774138e15,1.3569374794003205e15,2.4574180787e15
1.619059254e15,1.3594053083866005e15,2.4605253248e15
1.620377128e15,1.3618750982309308e15,2.4636361363e15
1.621694836e15,1.3643468489333115e15,2.4667487305e15
1.62301271e15,1.3668207387535652e15,2.4698631074e15
1.624330418e15,1.3692965894318692e15,2.472979267e15
1.625648292e15,1.3717744009682238e15,2.4760972093e15
1.626966166e15,1.3742541733626285e15,2.4792169343e15
1.628283874e15,1.3767359066150838e15,2.4823402247e15
1.629601748e15,1.379219778985412e15,2.4854635151e15
1.630919622e15,1.3817056122137908e15,2.4885903709e15
1.63223733e15,1.3841934063002195e15,2.4917190094e15
1.633555204e15,1.386683161244699e15,2.4948494306e15
1.634872912e15,1.3891750553070515e15,2.4979816345e15
1.636190786e15,1.3916689102274542e15,2.5011156211e15
1.63750866e15,1.3941647260059072e15,2.5042513904e15
1.638826368e15,1.3966625026424108e15,2.5073907251e15
1.640144242e15,1.3991622401369648e15,2.5105300598e15
1.641462116e15,1.4016641167493915e15,2.5136729599e15
1.642779824e15,1.404167954219869e15,2.5168176427e15
1.644097698e15,1.4066737525483965e15,2.5199641082e15
1.645415406e15,1.4091815117349748e15,2.5231123564e15
1.64673328e15,1.4116914100394258e15,2.5262623873e15
1.648051154e15,1.4142030909421045e15,2.5294159836e15
1.649368862e15,1.4167169109626562e15,2.5325695799e15
1.650686736e15,1.4192326918412585e15,2.5357267416e15
1.65200461e15,1.421750433577911e15,2.5388839033e15
1.653322318e15,1.4242703144324368e15,2.5420446304e15
1.654640192e15,1.42679197788519e15,2.5452071402e15
1.6559579e15,1.4293157804558165e15,2.5483714327e15
1.657275774e15,1.431841543884493e15,2.5515392906e15
1.658593648e15,1.4343694464310428e15,2.5547071485e15
1.659911356e15,1.4368991315758202e15,2.5578785718e15
1.6612284e15,1.439430955838471e15,2.5610499951e15
1.6625464399999998e15,1.441964562699349e15,2.5642249838e15
1.6638644800000002e15,1.4445003086781002e15,2.5674017552e15
1.66518252e15,1.4470381937747245e15,2.5705803093e15
1.66650056e15,1.4495778614695765e15,2.5737606461e15
1.6678186e15,1.4521196682823015e15,2.5769427656e15
1.66913664e15,1.4546632576932542e15,2.5801284505e15
1.6704546799999998e15,1.4572089862220798e15,2.5833141354e15
1.67177106e15,1.459756675608956e15,2.5865033857e15
1.6730890999999998e15,1.4623065041137052e15,2.5896944187e15
1.6744071400000002e15,1.464858115216682e15,2.5928854517e15
1.67572518e15,1.467411865437532e15,2.5960818328e15
1.67704322e15,1.4699673982566095e15,2.5992782139e15
1.67836126e15,1.4725250701935602e15,2.6024763777e15
1.6796793e15,1.4750848812483838e15,2.6056763242e15
1.68099568e15,1.4776464749014352e15,2.6088798361e15
1.68231372e15,1.4802100294125368e15,2.6120851307e15
1.6836317599999998e15,1.4827757230415115e15,2.6152904253e15
1.6849498000000002e15,1.4853433775285368e15,2.6184992853e15
1.68626784e15,1.4879129928736125e15,2.621709928e15
1.68758588e15,1.4904845690767382e15,2.6249223534e15
1.68890392e15,1.4930581061379145e15,2.6281383442e15
1.6902203e15,1.4956337823169638e15,2.631354335e15
1.69153834e15,1.4982114193540635e15,2.6345738912e15
1.69285638e15,1.5007908389893908e15,2.6377934474e15
1.6941744199999998e15,1.503372397742591e15,2.641016569e15
1.6954924600000002e15,1.5059560956136645e15,2.6442414733e15
1.6968105e15,1.5085415760829655e15,2.6474681603e15
1.69812854e15,1.511129017410317e15,2.65069663e15
1.69944658e15,1.5137185978555418e15,2.6539286651e15
1.70076296e15,1.5163101391588165e15,2.6571607002e15
1.702081e15,1.5189036413201418e15,2.6603963007e15
1.70339904e15,1.5214991043395175e15,2.6636319012e15
1.7047170799999998e15,1.5240965282169432e15,2.6668710671e15
1.7060351200000002e15,1.5266959129524198e15,2.6701120157e15
1.70735316e15,1.529297436805769e15,2.673354747e15
1.7086712e15,1.531900743257346e15,2.676599261e15
1.70998758e15,1.5345061888267962e15,2.6798473404e15
1.71130562e15,1.5371135952542968e15,2.6830954198e15
1.71262366e15,1.5397229625398475e15,2.6863470646e15
1.7139417e15,1.5423342906834485e15,2.6895987094e15
1.7152597399999998e15,1.544947757944923e15,2.6928539196e15
1.7165777800000002e15,1.547563007804625e15,2.6961109125e15
1.71789582e15,1.5501803967822e15,2.6993696881e15
1.7192122000000002e15,1.5527997466178252e15,2.7026320291e15
1.72053024e15,1.555421057311501e15,2.7058943701e15
1.72184828e15,1.558044328863227e15,2.7091584938e15
1.72316632e15,1.5606695612730032e15,2.7124261829e15
1.72448436e15,1.56329675454083e15,2.7156956547e15
1.7258023999999998e15,1.56592608692653e15,2.7189669092e15
1.7271204400000002e15,1.5685572019104575e15,2.7222399464e15
1.7284368199999998e15,1.571190456012258e15,2.7255147663e15
1.7297548600000002e15,1.573825670972109e15,2.7287913689e15
1.7310729e15,1.5764628467900102e15,2.7320697542e15
1.73239094e15,1.5791019834659618e15,2.7353517049e15
1.73370898e15,1.5817430809999638e15,2.7386336556e15
1.73502702e15,1.584386317651839e15,2.7419191717e15
1.7363450599999998e15,1.5870313369019418e15,2.7452064705e15
1.7376631000000002e15,1.5896784952699175e15,2.748495552e15
1.7389794799999998e15,1.592327436236121e15,2.7517864162e15
1.7402975200000002e15,1.5949785163201972e15,2.7550790631e15
1.74161556e15,1.5976315572623242e15,2.7583752754e15
1.7429336e15,1.6002865590625015e15,2.7616714877e15
1.74425164e15,1.602943521720729e15,2.7649712654e15
1.74556968e15,1.6056026234968298e15,2.7682710431e15
1.7468877200000002e15,1.608263507871158e15,2.7715743862e15
1.7482041e15,1.6109265313633592e15,2.774879512e15
1.7495221399999998e15,1.6135913374537882e15,2.7781864205e15
1.7508401800000002e15,1.6162582826620902e15,2.7814968944e15
1.75215822e15,1.6189271887284428e15,2.7848073683e15
1.75347626e15,1.6215980556528458e15,2.7881214076e15
1.7547943e15,1.6242708834352988e15,2.7914354469e15
1.7561123399999998e15,1.6269456720758022e15,2.7947530516e15
1.75742872e15,1.6296224215743562e15,2.798072439e15
1.75874676e15,1.632301310190783e15,2.8013936091e15
1.7600647999999998e15,1.6349819814054375e15,2.8047165619e15
1.76138284e15,1.6376647917379652e15,2.8080412974e15
1.76270088e15,1.6403495629285432e15,2.8113695983e15
1.76401892e15,1.643036116717349e15,2.8146978992e15
1.76533696e15,1.6457248096240278e15,2.8180297655e15
1.76665334e15,1.6484154633887568e15,2.8213634145e15
1.76797138e15,1.6511080780115362e15,2.8246970635e15
1.7692894199999998e15,1.6538028317521888e15,2.8280360606e15
1.7706074600000002e15,1.656499368091069e15,2.8313750577e15
1.7719255e15,1.6591978652879992e15,2.8347158375e15
1.77324354e15,1.6618985016028028e15,2.8380584e15
1.77456158e15,1.6646009205158342e15,2.8414045279e15
1.77587962e15,1.6673054785467385e15,2.8447524385e15
1.777196e15,1.670011997435693e15,2.8481003491e15
1.77851404e15,1.672720477182698e15,2.8514518251e15
1.7798320799999998e15,1.6754309177877535e15,2.8548050838e15
1.7811501200000002e15,1.6781433192508592e15,2.8581601252e15
1.78246816e15,1.6808576815720152e15,2.861518732e15
1.7837862e15,1.6835740047512215e15,2.8648773388e15
1.78510424e15,1.6862922887884782e15,2.868239511e15
1.78642062e15,1.6890125336837855e15,2.8716016832e15
1.78773866e15,1.6917349176969658e15,2.8749674208e15
1.7890567e15,1.6944590843083735e15,2.8783349411e15
1.7903747399999998e15,1.6971853900376545e15,2.8817042441e15
1.7916927800000002e15,1.6999136566249858e15,2.8850753298e15
1.79301082e15,1.7026438840703675e15,2.8884481982e15
1.79432886e15,1.7053758941139768e15,2.891824632e15
1.79564524e15,1.708110043275459e15,2.8952010658e15
1.79696328e15,1.7108461532949918e15,2.898581065e15
1.79828132e15,1.7135842241725748e15,2.9019628469e15
1.79959936e15,1.716324434168031e15,2.9053464115e15
1.8009173999999998e15,1.7190664267617148e15,2.9087317588e15
1.8022354400000002e15,1.721810380213449e15,2.9121188888e15
1.80355348e15,1.7245562945232332e15,2.9155078015e15
1.80487152e15,1.727304347950891e15,2.9189002796e15
1.8061879e15,1.730054183976776e15,2.9222927577e15
1.80750594e15,1.7328061591205342e15,2.9256888012e15
1.80882398e15,1.735560095122343e15,2.9290866274e15
1.81014202e15,1.7383158137223792e15,2.9324862363e15
1.8114600599999998e15,1.7410736714402885e15,2.9358876279e15
1.8127781000000002e15,1.7438334900162482e15,2.9392908022e15
1.81409614e15,1.7465952694502582e15,2.9426957592e15
1.8154125200000002e15,1.7493590097423188e15,2.9461042816e15
1.81673056e15,1.7521247108924292e15,2.949512804e15
1.8180486e15,1.7548923729005905e15,2.9529248918e15
1.81936664e15,1.757661995766802e15,2.9563387623e15
1.82068468e15,1.7604335794910638e15,2.9597544155e15
1.8220027199999998e15,1.7632071240733758e15,2.9631718514e15
1.8233207600000002e15,1.765982807773561e15,2.96659107e15
1.8246371399999998e15,1.768760274071974e15,2.9700120713e15
1.8259551800000002e15,1.7715397012284372e15,2.973436638e15
1.82727322e15,1.7743212675027738e15,2.9768612047e15
1.82859126e15,1.7771047946351602e15,2.9802893368e15
1.8299093e15,1.7798901043657745e15,2.9837192516e15
1.83122734e15,1.782676661915148e15,2.9871509491e15
1.8325453799999998e15,1.7854664281413315e15,2.9905844293e15
1.83386176e15,1.7882579769657422e15,2.9940196922e15
1.8351797999999998e15,1.7910513083883805e15,2.9974567378e15
1.8364978400000002e15,1.7938464224092465e15,3.0008973488e15
1.83781588e15,1.7966433190283402e15,3.0043379598e15
1.83913392e15,1.7994437808438892e15,3.0077821362e15
1.84045196e15,1.802244242659438e15,3.0112280953e15
1.84177e15,1.805048269671442e15,3.0146758371e15
1.8430880399999998e15,1.807852296683446e15,3.0181253616e15
1.84440442e15,1.810659888891905e15,3.0215766688e15
1.8457224599999998e15,1.813469263698592e15,3.0250297587e15
1.8470405000000002e15,1.8162804211035062e15,3.028486414e15
1.84835854e15,1.8190933611066482e15,3.0319430693e15
1.84967658e15,1.8219080837080178e15,3.03540329e15
1.85099462e15,1.824724588907615e15,3.0388652934e15
1.85231266e15,1.8275428767054398e15,3.0423290795e15
1.85362904e15,1.8303647296997198e15,3.0457946483e15
1.85494708e15,1.8331865826939995e15,3.0492619998e15
1.8562651199999998e15,1.8360120008847345e15,3.0527329167e15
1.8575831600000002e15,1.8388392016736972e15,3.0562038336e15
1.8589012e15,1.8416681850608875e15,3.0596783159e15
1.86021924e15,1.8444989510463055e15,3.0631527982e15
1.86153728e15,1.8473314996299512e15,3.0666308459e15
1.86285366e15,1.8501658308118242e15,3.0701106763e15
1.8641717e15,1.8530019445919248e15,3.0735922894e15
1.86548974e15,1.855839840970253e15,3.0770756852e15
1.8668077800000002e15,1.8586813025450368e15,3.0805626464e15
1.86812582e15,1.8615227641198202e15,3.0840496076e15
1.86944386e15,1.8643677908910588e15,3.0875401342e15
1.8707619e15,1.867214600260525e15,3.0910306608e15
1.87207994e15,1.8700631922282188e15,3.0945247528e15
1.87339632e15,1.87291356679414e15,3.0980206275e15
1.87471436e15,1.8757657239582892e15,3.1015182849e15
1.8760323999999998e15,1.8786196637206658e15,3.1050195077e15
1.8773504400000002e15,1.88147538608127e15,3.1085207305e15
1.87866848e15,1.8843346736383292e15,3.112023736e15
1.87998652e15,1.8871939611953888e15,3.1155303069e15
1.88130456e15,1.8900568139489032e15,3.1190386605e15
1.88262094e15,1.8929196667024178e15,3.1225470141e15
1.88393898e15,1.8957860846523878e15,3.1260589331e15
1.88525702e15,1.898654285200585e15,3.1295726348e15
1.8865750599999998e15,1.9015242683470098e15,3.1330899019e15
1.8878931000000002e15,1.9043960340916625e15,3.136607169e15
1.88921114e15,1.9072695824345428e15,3.1401262188e15
1.89052918e15,1.9101466959738778e15,3.143648834e15
1.89184556e15,1.9130238095132132e15,3.1471732319e15
1.8931636e15,1.9159044882490038e15,3.1506994125e15
1.89448164e15,1.9187851669847942e15,3.1542273758e15
1.89579968e15,1.92166941091704e15,3.1577571218e15
1.8971177199999998e15,1.9245554374475132e15,3.1612886505e15
1.8984357600000002e15,1.9274432465762142e15,3.1648219619e15
1.8997538e15,1.9303328383031425e15,3.1683588387e15
1.9010701800000002e15,1.9332242126282988e15,3.1718957155e15
1.90238822e15,1.9361173695516825e15,3.1754361577e15
1.90370626e15,1.9390123090732935e15,3.1789783826e15
1.9050243e15,1.9419108137913602e15,3.1825223902e15
1.90634234e15,1.9448093185094265e15,3.1860681805e15
1.9076603799999998e15,1.947711388423948e15,3.1896157535e15
1.9089784200000002e15,1.950615240936697e15,3.1931651092e15
1.91029646e15,1.953520876047674e15,3.1967180303e15
1.9116128400000002e15,1.9564265111586508e15,3.2002709514e15
1.91293088e15,1.9593357114660828e15,3.2038274379e15
1.91424892e15,1.96224847696997e15,3.2073857071e15
1.91556696e15,1.9651612424738572e15,3.210945759e15
1.916885e15,1.968075790575972e15,3.2145075936e15
1.9182030399999998e15,1.9709939038745418e15,3.2180712109e15
1.9195210800000002e15,1.973912017173112e15,3.2216366109e15
1.9208374599999998e15,1.976833695668137e15,3.2252055763e15
1.9221555000000002e15,1.9797553741631625e15,3.2287745417e15
1.92347354e15,1.9826806178546425e15,3.2323470725e15
1.92479158e15,1.9856076441443505e15,3.235921386e15
1.92610962e15,1.988536453032286e15,3.2394974822e15
1.92742766e15,1.9914670445184492e15,3.2430753611e15
1.9287456999999998e15,1.99439941860284e15,3.2466550227e15
1.93006208e15,1.9973353578836858e15,3.2502382497e15
1.9313801199999998e15,2.0002712971645315e15,3.2538214767e15
1.9326981600000002e15,2.0032108016418328e15,3.2574082691e15
1.9340162e15,2.0061503061191335e15,3.2609950615e15
1.93533424e15,2.00909337579289e15,3.2645854193e15
1.93665228e15,2.012038228064874e15,3.2681775598e15
1.93797032e15,2.0149848629350855e15,3.271771483e15
1.9392867e15,2.0179332804035245e15,3.2753671889e15
1.94060474e15,2.020883480470191e15,3.2789664602e15
1.9419227799999998e15,2.0238354631350852e15,3.2825657315e15
1.9432408200000002e15,2.0267892283982072e15,3.2861685682e15
1.94455886e15,2.029746558857784e15,3.2897714049e15
1.9458769e15,2.0327038893173612e15,3.293377807e15
1.94719494e15,2.0356647849733932e15,3.2969859918e15
1.94851298e15,2.038627463227653e15,3.3005959593e15
1.94982936e15,2.0415901414819128e15,3.3042077095e15
1.9511474e15,2.0445563849326278e15,3.3078230251e15
1.9524654399999998e15,2.0475244109815702e15,3.3114383407e15
1.9537834800000002e15,2.0504942196287408e15,3.3150572217e15
1.95510152e15,2.0534658108741385e15,3.3186761027e15
1.95641956e15,2.056440967315991e15,3.3222985491e15
1.9577376e15,2.0594161237578442e15,3.3259227782e15
1.95905398e15,2.0623948453961525e15,3.32954879e15
1.96037202e15,2.0653735670344608e15,3.3331765845e15
1.96169006e15,2.068355853869224e15,3.3368079444e15
1.9630080999999998e15,2.0713399233022148e15,3.3404393043e15
1.96432614e15,2.0743239927352058e15,3.3440742296e15
1.96564418e15,2.0773116273646518e15,3.3477091549e15
1.96696222e15,2.0803010445923255e15,3.3513476456e15
1.9682786e15,2.0832940270164542e15,3.354987919e15
1.96959664e15,2.0862870094405832e15,3.3586299751e15
1.97091468e15,2.0892817744629395e15,3.3622738139e15
1.97223272e15,2.092280104681751e15,3.3659212181e15
1.9735507600000002e15,2.0952784349005628e15,3.3695686223e15
1.9748688e15,2.0982803303158295e15,3.3732195919e15
1.97618684e15,2.1012840083293242e15,3.3768705615e15
1.97750488e15,2.1042876863428185e15,3.3805250965e15
1.97882126e15,2.107294929552768e15,3.3841814142e15
1.9801393e15,2.1103039553609455e15,3.3878395146e15
1.98145734e15,2.113316546365578e15,3.3914993977e15
1.9827753799999998e15,2.11632913737021e15,3.3951610635e15
1.9840934200000002e15,2.11934351097307e15,3.3988262947e15
1.98541146e15,2.1223596671741578e15,3.4024915259e15
1.9867295e15,2.1253793885717002e15,3.4061603225e15
1.98804588e15,2.128400892567471e15,3.4098309018e15
1.98936392e15,2.1314223965632412e15,3.4135032638e15
1.99068196e15,2.134447465755467e15,3.4171774085e15
1.992e15,2.13747431754592e15,3.4208533359e15
